,ID,Call Failure,Subscription  Length,Charge Amount,Seconds of Use,Freq. of use,Freq. of SMS,Distinct Called Numbers,Age Group,Age,Customer Value
count,3150.0,3150.0,3150.0,3150.0,3150.0,3150.0,3150.0,3150.0,3150.0,3150.0,3150.0
mean,1575.5,7.627936507936508,32.54190476190476,0.9428571428571428,4472.459682539683,69.46063492063492,73.17492063492064,23.50984126984127,2.826031746031746,30.998412698412697,470.9729158730159
std,909.4710000874135,7.263885566996692,8.573482061327232,1.5210718803527454,4197.908686504334,57.413307750633024,112.23755969319922,17.21733743799194,0.8925551072658305,8.831095499304965,517.0154327987643
min,1.0,0.0,3.0,0.0,0.0,0.0,0.0,0.0,1.0,15.0,0.0
25%,788.25,1.0,30.0,0.0,1391.25,27.0,6.0,10.0,2.0,25.0,113.80125
50%,1575.5,6.0,35.0,0.0,2990.0,54.0,21.0,21.0,3.0,30.0,228.48
75%,2362.75,12.0,38.0,1.0,6478.25,95.0,87.0,34.0,3.0,30.0,788.3887500000001
max,3150.0,36.0,47.0,10.0,17090.0,255.0,522.0,97.0,5.0,55.0,2165.28
